2023-10-07 23:17:57,Who was the most interesting person I interacted with today? ,parent
2023-10-07 23:18:15,What was the best part of my day?,breakfast
2023-10-07 23:24:35, , yo tengo un puerquito
2023-10-07 23:24:45, What was the strongest emotion I felt today?, happy
2023-10-07 23:28:22, Free Entry, tengo un pan
2023-10-07 23:44:14: How did I see the hand of the Lord in my life today?: all
2023-10-07 23:45:25: Free Entry: I know everything I am awesome
2023-10-07 23:45:37: Free Entry: I know everything I am awesome
2023-10-07 23:51:02: What I learned today : To save and load
2023-10-07 23:55:31: If I had one thing I could do over today, what would it be?: ALL
2023-10-07 23:59:24: What was the strongest emotion I felt today?: sanghy
